employee_id,date,start_time,end_time,meeting_title
E001,2026-04-08,13:00,14:00,Meeting
E001,2026-04-08,10:00,11:00,Meeting
E001,2026-04-08,11:00,12:00,Meeting
E001,2026-04-08,11:00,12:00,Meeting
E002,2026-04-08,11:00,12:00,Meeting
E002,2026-04-08,9:00,10:00,Meeting
E002,2026-04-08,9:00,10:00,Meeting
E002,2026-04-08,16:00,17:00,Meeting
E002,2026-04-08,11:00,12:00,Meeting
E002,2026-04-08,10:00,11:00,Meeting
E003,2026-04-08,9:00,10:00,Meeting
E003,2026-04-08,15:00,16:00,Meeting
E003,2026-04-08,16:00,17:00,Meeting
E003,2026-04-08,16:00,17:00,Meeting
E003,2026-04-08,11:00,12:00,Meeting
E004,2026-04-08,12:00,13:00,Meeting
E004,2026-04-08,16:00,17:00,Meeting
E004,2026-04-08,14:00,15:00,Meeting
E004,2026-04-08,12:00,13:00,Meeting
E004,2026-04-08,12:00,13:00,Meeting
E004,2026-04-08,15:00,16:00,Meeting
E005,2026-04-08,13:00,14:00,Meeting
E005,2026-04-08,16:00,17:00,Meeting
E005,2026-04-08,9:00,10:00,Meeting
E005,2026-04-08,10:00,11:00,Meeting
E005,2026-04-08,14:00,15:00,Meeting
E005,2026-04-08,9:00,10:00,Meeting
E006,2026-04-08,12:00,13:00,Meeting
E006,2026-04-08,16:00,17:00,Meeting
E006,2026-04-08,13:00,14:00,Meeting
E006,2026-04-08,14:00,15:00,Meeting
E007,2026-04-08,16:00,17:00,Meeting
E007,2026-04-08,11:00,12:00,Meeting
E007,2026-04-08,10:00,11:00,Meeting
E007,2026-04-08,13:00,14:00,Meeting
E007,2026-04-08,16:00,17:00,Meeting
E008,2026-04-08,15:00,16:00,Meeting
E008,2026-04-08,14:00,15:00,Meeting
E008,2026-04-08,15:00,16:00,Meeting
E008,2026-04-08,16:00,17:00,Meeting
E009,2026-04-08,9:00,10:00,Meeting
E009,2026-04-08,9:00,10:00,Meeting
E009,2026-04-08,15:00,16:00,Meeting
E009,2026-04-08,10:00,11:00,Meeting
E009,2026-04-08,10:00,11:00,Meeting
E010,2026-04-08,11:00,12:00,Meeting
E010,2026-04-08,13:00,14:00,Meeting
E010,2026-04-08,9:00,10:00,Meeting
E011,2026-04-08,14:00,15:00,Meeting
E011,2026-04-08,11:00,12:00,Meeting
E011,2026-04-08,13:00,14:00,Meeting
E011,2026-04-08,14:00,15:00,Meeting
E011,2026-04-08,13:00,14:00,Meeting
E011,2026-04-08,10:00,11:00,Meeting
E012,2026-04-08,9:00,10:00,Meeting
E012,2026-04-08,16:00,17:00,Meeting
E012,2026-04-08,10:00,11:00,Meeting
E012,2026-04-08,12:00,13:00,Meeting
E013,2026-04-08,12:00,13:00,Meeting
E013,2026-04-08,13:00,14:00,Meeting
E013,2026-04-08,15:00,16:00,Meeting
E013,2026-04-08,10:00,11:00,Meeting
E014,2026-04-08,12:00,13:00,Meeting
E014,2026-04-08,11:00,12:00,Meeting
E014,2026-04-08,11:00,12:00,Meeting
E014,2026-04-08,10:00,11:00,Meeting
E015,2026-04-08,14:00,15:00,Meeting
E015,2026-04-08,12:00,13:00,Meeting
E015,2026-04-08,12:00,13:00,Meeting
E016,2026-04-08,10:00,11:00,Meeting
E016,2026-04-08,14:00,15:00,Meeting
E016,2026-04-08,16:00,17:00,Meeting
E016,2026-04-08,11:00,12:00,Meeting
E016,2026-04-08,14:00,15:00,Meeting
E017,2026-04-08,16:00,17:00,Meeting
E017,2026-04-08,16:00,17:00,Meeting
E017,2026-04-08,9:00,10:00,Meeting
E017,2026-04-08,13:00,14:00,Meeting
E017,2026-04-08,11:00,12:00,Meeting
E017,2026-04-08,11:00,12:00,Meeting
E018,2026-04-08,10:00,11:00,Meeting
E018,2026-04-08,15:00,16:00,Meeting
E018,2026-04-08,9:00,10:00,Meeting
E019,2026-04-08,10:00,11:00,Meeting
E019,2026-04-08,14:00,15:00,Meeting
E019,2026-04-08,9:00,10:00,Meeting
E019,2026-04-08,15:00,16:00,Meeting
E020,2026-04-08,14:00,15:00,Meeting
E020,2026-04-08,12:00,13:00,Meeting
E020,2026-04-08,11:00,12:00,Meeting
E020,2026-04-08,16:00,17:00,Meeting
E020,2026-04-08,15:00,16:00,Meeting
E020,2026-04-08,13:00,14:00,Meeting
E021,2026-04-08,14:00,15:00,Meeting
E021,2026-04-08,14:00,15:00,Meeting
E021,2026-04-08,9:00,10:00,Meeting
E021,2026-04-08,9:00,10:00,Meeting
E021,2026-04-08,14:00,15:00,Meeting
E021,2026-04-08,11:00,12:00,Meeting
E022,2026-04-08,15:00,16:00,Meeting
E022,2026-04-08,12:00,13:00,Meeting
E022,2026-04-08,11:00,12:00,Meeting
E022,2026-04-08,16:00,17:00,Meeting
E023,2026-04-08,16:00,17:00,Meeting
E023,2026-04-08,12:00,13:00,Meeting
E023,2026-04-08,11:00,12:00,Meeting
E024,2026-04-08,13:00,14:00,Meeting
E024,2026-04-08,15:00,16:00,Meeting
E024,2026-04-08,9:00,10:00,Meeting
E024,2026-04-08,9:00,10:00,Meeting
E025,2026-04-08,11:00,12:00,Meeting
E025,2026-04-08,15:00,16:00,Meeting
E025,2026-04-08,10:00,11:00,Meeting
E025,2026-04-08,9:00,10:00,Meeting
E026,2026-04-08,9:00,10:00,Meeting
E026,2026-04-08,13:00,14:00,Meeting
E026,2026-04-08,10:00,11:00,Meeting
E026,2026-04-08,9:00,10:00,Meeting
E027,2026-04-08,16:00,17:00,Meeting
E027,2026-04-08,13:00,14:00,Meeting
E027,2026-04-08,14:00,15:00,Meeting
E028,2026-04-08,15:00,16:00,Meeting
E028,2026-04-08,14:00,15:00,Meeting
E028,2026-04-08,11:00,12:00,Meeting
E028,2026-04-08,13:00,14:00,Meeting
E029,2026-04-08,13:00,14:00,Meeting
E029,2026-04-08,16:00,17:00,Meeting
E029,2026-04-08,14:00,15:00,Meeting
E029,2026-04-08,9:00,10:00,Meeting
E029,2026-04-08,9:00,10:00,Meeting
E030,2026-04-08,13:00,14:00,Meeting
E030,2026-04-08,15:00,16:00,Meeting
E030,2026-04-08,9:00,10:00,Meeting
E030,2026-04-08,10:00,11:00,Meeting
E030,2026-04-08,12:00,13:00,Meeting
E031,2026-04-08,15:00,16:00,Meeting
E031,2026-04-08,9:00,10:00,Meeting
E031,2026-04-08,16:00,17:00,Meeting
E031,2026-04-08,14:00,15:00,Meeting
E031,2026-04-08,13:00,14:00,Meeting
E031,2026-04-08,11:00,12:00,Meeting
E032,2026-04-08,15:00,16:00,Meeting
E032,2026-04-08,11:00,12:00,Meeting
E032,2026-04-08,15:00,16:00,Meeting
E032,2026-04-08,11:00,12:00,Meeting
E032,2026-04-08,14:00,15:00,Meeting
E033,2026-04-08,15:00,16:00,Meeting
E033,2026-04-08,9:00,10:00,Meeting
E033,2026-04-08,13:00,14:00,Meeting
E033,2026-04-08,9:00,10:00,Meeting
E034,2026-04-08,15:00,16:00,Meeting
E034,2026-04-08,9:00,10:00,Meeting
E034,2026-04-08,11:00,12:00,Meeting
E034,2026-04-08,9:00,10:00,Meeting
E035,2026-04-08,13:00,14:00,Meeting
E035,2026-04-08,15:00,16:00,Meeting
E035,2026-04-08,15:00,16:00,Meeting
E036,2026-04-08,12:00,13:00,Meeting
E036,2026-04-08,11:00,12:00,Meeting
E036,2026-04-08,13:00,14:00,Meeting
E037,2026-04-08,14:00,15:00,Meeting
E037,2026-04-08,14:00,15:00,Meeting
E037,2026-04-08,13:00,14:00,Meeting
E037,2026-04-08,15:00,16:00,Meeting
E037,2026-04-08,11:00,12:00,Meeting
E037,2026-04-08,12:00,13:00,Meeting
E038,2026-04-08,11:00,12:00,Meeting
E038,2026-04-08,13:00,14:00,Meeting
E038,2026-04-08,13:00,14:00,Meeting
E038,2026-04-08,13:00,14:00,Meeting
E038,2026-04-08,14:00,15:00,Meeting
E039,2026-04-08,9:00,10:00,Meeting
E039,2026-04-08,13:00,14:00,Meeting
E039,2026-04-08,15:00,16:00,Meeting
E039,2026-04-08,10:00,11:00,Meeting
E040,2026-04-08,11:00,12:00,Meeting
E040,2026-04-08,15:00,16:00,Meeting
E040,2026-04-08,13:00,14:00,Meeting
E041,2026-04-08,14:00,15:00,Meeting
E041,2026-04-08,14:00,15:00,Meeting
E041,2026-04-08,11:00,12:00,Meeting
E041,2026-04-08,14:00,15:00,Meeting
E041,2026-04-08,11:00,12:00,Meeting
E041,2026-04-08,10:00,11:00,Meeting
E042,2026-04-08,11:00,12:00,Meeting
E042,2026-04-08,14:00,15:00,Meeting
E042,2026-04-08,10:00,11:00,Meeting
E043,2026-04-08,16:00,17:00,Meeting
E043,2026-04-08,16:00,17:00,Meeting
E043,2026-04-08,16:00,17:00,Meeting
E043,2026-04-08,11:00,12:00,Meeting
E043,2026-04-08,15:00,16:00,Meeting
E043,2026-04-08,14:00,15:00,Meeting
E044,2026-04-08,10:00,11:00,Meeting
E044,2026-04-08,11:00,12:00,Meeting
E044,2026-04-08,10:00,11:00,Meeting
E044,2026-04-08,14:00,15:00,Meeting
E045,2026-04-08,14:00,15:00,Meeting
E045,2026-04-08,13:00,14:00,Meeting
E045,2026-04-08,12:00,13:00,Meeting
E045,2026-04-08,10:00,11:00,Meeting
E045,2026-04-08,15:00,16:00,Meeting
E045,2026-04-08,10:00,11:00,Meeting
E046,2026-04-08,12:00,13:00,Meeting
E046,2026-04-08,15:00,16:00,Meeting
E046,2026-04-08,12:00,13:00,Meeting
E046,2026-04-08,13:00,14:00,Meeting
E046,2026-04-08,11:00,12:00,Meeting
E047,2026-04-08,12:00,13:00,Meeting
E047,2026-04-08,11:00,12:00,Meeting
E047,2026-04-08,15:00,16:00,Meeting
E048,2026-04-08,12:00,13:00,Meeting
E048,2026-04-08,16:00,17:00,Meeting
E048,2026-04-08,11:00,12:00,Meeting
E048,2026-04-08,16:00,17:00,Meeting
E048,2026-04-08,16:00,17:00,Meeting
E048,2026-04-08,10:00,11:00,Meeting
E049,2026-04-08,14:00,15:00,Meeting
E049,2026-04-08,15:00,16:00,Meeting
E049,2026-04-08,10:00,11:00,Meeting
E049,2026-04-08,14:00,15:00,Meeting
E049,2026-04-08,11:00,12:00,Meeting
E050,2026-04-08,12:00,13:00,Meeting
E050,2026-04-08,13:00,14:00,Meeting
E050,2026-04-08,11:00,12:00,Meeting
E051,2026-04-08,9:00,10:00,Meeting
E051,2026-04-08,9:00,10:00,Meeting
E051,2026-04-08,12:00,13:00,Meeting
E051,2026-04-08,11:00,12:00,Meeting
E051,2026-04-08,10:00,11:00,Meeting
E051,2026-04-08,14:00,15:00,Meeting
E052,2026-04-08,13:00,14:00,Meeting
E052,2026-04-08,12:00,13:00,Meeting
E052,2026-04-08,16:00,17:00,Meeting
E052,2026-04-08,9:00,10:00,Meeting
E053,2026-04-08,9:00,10:00,Meeting
E053,2026-04-08,11:00,12:00,Meeting
E053,2026-04-08,16:00,17:00,Meeting
E054,2026-04-08,11:00,12:00,Meeting
E054,2026-04-08,13:00,14:00,Meeting
E054,2026-04-08,9:00,10:00,Meeting
E054,2026-04-08,10:00,11:00,Meeting
E054,2026-04-08,10:00,11:00,Meeting
E055,2026-04-08,16:00,17:00,Meeting
E055,2026-04-08,16:00,17:00,Meeting
E055,2026-04-08,11:00,12:00,Meeting
E056,2026-04-08,14:00,15:00,Meeting
E056,2026-04-08,16:00,17:00,Meeting
E056,2026-04-08,14:00,15:00,Meeting
E056,2026-04-08,13:00,14:00,Meeting
E057,2026-04-08,11:00,12:00,Meeting
E057,2026-04-08,14:00,15:00,Meeting
E057,2026-04-08,11:00,12:00,Meeting
E057,2026-04-08,14:00,15:00,Meeting
E057,2026-04-08,12:00,13:00,Meeting
E058,2026-04-08,11:00,12:00,Meeting
E058,2026-04-08,14:00,15:00,Meeting
E058,2026-04-08,14:00,15:00,Meeting
E058,2026-04-08,11:00,12:00,Meeting
E058,2026-04-08,16:00,17:00,Meeting
E058,2026-04-08,10:00,11:00,Meeting
E059,2026-04-08,12:00,13:00,Meeting
E059,2026-04-08,10:00,11:00,Meeting
E059,2026-04-08,13:00,14:00,Meeting
E059,2026-04-08,13:00,14:00,Meeting
E060,2026-04-08,14:00,15:00,Meeting
E060,2026-04-08,9:00,10:00,Meeting
E060,2026-04-08,9:00,10:00,Meeting
E060,2026-04-08,11:00,12:00,Meeting
E060,2026-04-08,9:00,10:00,Meeting
E061,2026-04-08,13:00,14:00,Meeting
E061,2026-04-08,15:00,16:00,Meeting
E061,2026-04-08,15:00,16:00,Meeting
E061,2026-04-08,11:00,12:00,Meeting
E061,2026-04-08,11:00,12:00,Meeting
E062,2026-04-08,9:00,10:00,Meeting
E062,2026-04-08,13:00,14:00,Meeting
E062,2026-04-08,12:00,13:00,Meeting
E062,2026-04-08,9:00,10:00,Meeting
E063,2026-04-08,11:00,12:00,Meeting
E063,2026-04-08,9:00,10:00,Meeting
E063,2026-04-08,11:00,12:00,Meeting
E063,2026-04-08,15:00,16:00,Meeting
E063,2026-04-08,14:00,15:00,Meeting
E063,2026-04-08,15:00,16:00,Meeting
E064,2026-04-08,11:00,12:00,Meeting
E064,2026-04-08,16:00,17:00,Meeting
E064,2026-04-08,16:00,17:00,Meeting
E065,2026-04-08,9:00,10:00,Meeting
E065,2026-04-08,13:00,14:00,Meeting
E065,2026-04-08,11:00,12:00,Meeting
E065,2026-04-08,9:00,10:00,Meeting
E065,2026-04-08,12:00,13:00,Meeting
E065,2026-04-08,15:00,16:00,Meeting
E066,2026-04-08,16:00,17:00,Meeting
E066,2026-04-08,12:00,13:00,Meeting
E066,2026-04-08,10:00,11:00,Meeting
E067,2026-04-08,15:00,16:00,Meeting
E067,2026-04-08,9:00,10:00,Meeting
E067,2026-04-08,11:00,12:00,Meeting
E067,2026-04-08,12:00,13:00,Meeting
E067,2026-04-08,14:00,15:00,Meeting
E068,2026-04-08,14:00,15:00,Meeting
E068,2026-04-08,12:00,13:00,Meeting
E068,2026-04-08,11:00,12:00,Meeting
E068,2026-04-08,10:00,11:00,Meeting
E068,2026-04-08,10:00,11:00,Meeting
E069,2026-04-08,13:00,14:00,Meeting
E069,2026-04-08,16:00,17:00,Meeting
E069,2026-04-08,11:00,12:00,Meeting
E069,2026-04-08,11:00,12:00,Meeting
E069,2026-04-08,15:00,16:00,Meeting
E069,2026-04-08,11:00,12:00,Meeting
E070,2026-04-08,11:00,12:00,Meeting
E070,2026-04-08,16:00,17:00,Meeting
E070,2026-04-08,14:00,15:00,Meeting
E071,2026-04-08,14:00,15:00,Meeting
E071,2026-04-08,13:00,14:00,Meeting
E071,2026-04-08,14:00,15:00,Meeting
E071,2026-04-08,14:00,15:00,Meeting
E072,2026-04-08,9:00,10:00,Meeting
E072,2026-04-08,11:00,12:00,Meeting
E072,2026-04-08,15:00,16:00,Meeting
E073,2026-04-08,10:00,11:00,Meeting
E073,2026-04-08,12:00,13:00,Meeting
E073,2026-04-08,10:00,11:00,Meeting
E073,2026-04-08,14:00,15:00,Meeting
E073,2026-04-08,12:00,13:00,Meeting
E074,2026-04-08,9:00,10:00,Meeting
E074,2026-04-08,12:00,13:00,Meeting
E074,2026-04-08,9:00,10:00,Meeting
E074,2026-04-08,16:00,17:00,Meeting
E074,2026-04-08,10:00,11:00,Meeting
E075,2026-04-08,13:00,14:00,Meeting
E075,2026-04-08,15:00,16:00,Meeting
E075,2026-04-08,15:00,16:00,Meeting
E075,2026-04-08,10:00,11:00,Meeting
E076,2026-04-08,12:00,13:00,Meeting
E076,2026-04-08,13:00,14:00,Meeting
E076,2026-04-08,10:00,11:00,Meeting
E076,2026-04-08,10:00,11:00,Meeting
E076,2026-04-08,9:00,10:00,Meeting
E077,2026-04-08,10:00,11:00,Meeting
E077,2026-04-08,11:00,12:00,Meeting
E077,2026-04-08,12:00,13:00,Meeting
E078,2026-04-08,15:00,16:00,Meeting
E078,2026-04-08,13:00,14:00,Meeting
E078,2026-04-08,13:00,14:00,Meeting
E078,2026-04-08,15:00,16:00,Meeting
E078,2026-04-08,11:00,12:00,Meeting
E078,2026-04-08,11:00,12:00,Meeting
E079,2026-04-08,16:00,17:00,Meeting
E079,2026-04-08,12:00,13:00,Meeting
E079,2026-04-08,11:00,12:00,Meeting
E080,2026-04-08,11:00,12:00,Meeting
E080,2026-04-08,15:00,16:00,Meeting
E080,2026-04-08,15:00,16:00,Meeting
E080,2026-04-08,12:00,13:00,Meeting
E081,2026-04-08,11:00,12:00,Meeting
E081,2026-04-08,12:00,13:00,Meeting
E081,2026-04-08,9:00,10:00,Meeting
E081,2026-04-08,9:00,10:00,Meeting
E082,2026-04-08,15:00,16:00,Meeting
E082,2026-04-08,9:00,10:00,Meeting
E082,2026-04-08,15:00,16:00,Meeting
E082,2026-04-08,16:00,17:00,Meeting
E082,2026-04-08,16:00,17:00,Meeting
E083,2026-04-08,12:00,13:00,Meeting
E083,2026-04-08,13:00,14:00,Meeting
E083,2026-04-08,12:00,13:00,Meeting
E084,2026-04-08,11:00,12:00,Meeting
E084,2026-04-08,13:00,14:00,Meeting
E084,2026-04-08,10:00,11:00,Meeting
E085,2026-04-08,12:00,13:00,Meeting
E085,2026-04-08,11:00,12:00,Meeting
E085,2026-04-08,12:00,13:00,Meeting
E085,2026-04-08,10:00,11:00,Meeting
E085,2026-04-08,16:00,17:00,Meeting
E085,2026-04-08,14:00,15:00,Meeting
E086,2026-04-08,10:00,11:00,Meeting
E086,2026-04-08,9:00,10:00,Meeting
E086,2026-04-08,11:00,12:00,Meeting
E086,2026-04-08,13:00,14:00,Meeting
E086,2026-04-08,11:00,12:00,Meeting
E086,2026-04-08,16:00,17:00,Meeting
E087,2026-04-08,16:00,17:00,Meeting
E087,2026-04-08,9:00,10:00,Meeting
E087,2026-04-08,12:00,13:00,Meeting
E087,2026-04-08,13:00,14:00,Meeting
E087,2026-04-08,13:00,14:00,Meeting
E088,2026-04-08,11:00,12:00,Meeting
E088,2026-04-08,13:00,14:00,Meeting
E088,2026-04-08,13:00,14:00,Meeting
E089,2026-04-08,16:00,17:00,Meeting
E089,2026-04-08,11:00,12:00,Meeting
E089,2026-04-08,16:00,17:00,Meeting
E089,2026-04-08,9:00,10:00,Meeting
E090,2026-04-08,11:00,12:00,Meeting
E090,2026-04-08,14:00,15:00,Meeting
E090,2026-04-08,16:00,17:00,Meeting
E090,2026-04-08,11:00,12:00,Meeting
E091,2026-04-08,15:00,16:00,Meeting
E091,2026-04-08,15:00,16:00,Meeting
E091,2026-04-08,15:00,16:00,Meeting
E091,2026-04-08,12:00,13:00,Meeting
E092,2026-04-08,13:00,14:00,Meeting
E092,2026-04-08,11:00,12:00,Meeting
E092,2026-04-08,15:00,16:00,Meeting
E092,2026-04-08,16:00,17:00,Meeting
E092,2026-04-08,11:00,12:00,Meeting
E092,2026-04-08,12:00,13:00,Meeting
E093,2026-04-08,15:00,16:00,Meeting
E093,2026-04-08,14:00,15:00,Meeting
E093,2026-04-08,9:00,10:00,Meeting
E093,2026-04-08,14:00,15:00,Meeting
E093,2026-04-08,14:00,15:00,Meeting
E093,2026-04-08,10:00,11:00,Meeting
E094,2026-04-08,10:00,11:00,Meeting
E094,2026-04-08,11:00,12:00,Meeting
E094,2026-04-08,11:00,12:00,Meeting
E094,2026-04-08,16:00,17:00,Meeting
E094,2026-04-08,9:00,10:00,Meeting
E094,2026-04-08,16:00,17:00,Meeting
E095,2026-04-08,14:00,15:00,Meeting
E095,2026-04-08,11:00,12:00,Meeting
E095,2026-04-08,12:00,13:00,Meeting
E095,2026-04-08,9:00,10:00,Meeting
E096,2026-04-08,14:00,15:00,Meeting
E096,2026-04-08,12:00,13:00,Meeting
E096,2026-04-08,10:00,11:00,Meeting
E096,2026-04-08,11:00,12:00,Meeting
E096,2026-04-08,12:00,13:00,Meeting
E096,2026-04-08,10:00,11:00,Meeting
E097,2026-04-08,13:00,14:00,Meeting
E097,2026-04-08,9:00,10:00,Meeting
E097,2026-04-08,11:00,12:00,Meeting
E098,2026-04-08,11:00,12:00,Meeting
E098,2026-04-08,10:00,11:00,Meeting
E098,2026-04-08,16:00,17:00,Meeting
E098,2026-04-08,11:00,12:00,Meeting
E099,2026-04-08,12:00,13:00,Meeting
E099,2026-04-08,10:00,11:00,Meeting
E099,2026-04-08,13:00,14:00,Meeting
E099,2026-04-08,13:00,14:00,Meeting
E100,2026-04-08,10:00,11:00,Meeting
E100,2026-04-08,16:00,17:00,Meeting
E100,2026-04-08,13:00,14:00,Meeting
E100,2026-04-08,15:00,16:00,Meeting
E100,2026-04-08,15:00,16:00,Meeting
E101,2026-04-08,16:00,17:00,Meeting
E101,2026-04-08,9:00,10:00,Meeting
E101,2026-04-08,9:00,10:00,Meeting
E102,2026-04-08,16:00,17:00,Meeting
E102,2026-04-08,9:00,10:00,Meeting
E102,2026-04-08,12:00,13:00,Meeting
E102,2026-04-08,10:00,11:00,Meeting
E102,2026-04-08,11:00,12:00,Meeting
E103,2026-04-08,9:00,10:00,Meeting
E103,2026-04-08,10:00,11:00,Meeting
E103,2026-04-08,9:00,10:00,Meeting
E103,2026-04-08,12:00,13:00,Meeting
E104,2026-04-08,10:00,11:00,Meeting
E104,2026-04-08,9:00,10:00,Meeting
E104,2026-04-08,12:00,13:00,Meeting
E105,2026-04-08,9:00,10:00,Meeting
E105,2026-04-08,14:00,15:00,Meeting
E105,2026-04-08,11:00,12:00,Meeting
E106,2026-04-08,11:00,12:00,Meeting
E106,2026-04-08,9:00,10:00,Meeting
E106,2026-04-08,14:00,15:00,Meeting
E106,2026-04-08,14:00,15:00,Meeting
E106,2026-04-08,13:00,14:00,Meeting
E107,2026-04-08,15:00,16:00,Meeting
E107,2026-04-08,14:00,15:00,Meeting
E107,2026-04-08,16:00,17:00,Meeting
E108,2026-04-08,16:00,17:00,Meeting
E108,2026-04-08,9:00,10:00,Meeting
E108,2026-04-08,10:00,11:00,Meeting
E108,2026-04-08,13:00,14:00,Meeting
E108,2026-04-08,12:00,13:00,Meeting
E108,2026-04-08,15:00,16:00,Meeting
E109,2026-04-08,12:00,13:00,Meeting
E109,2026-04-08,13:00,14:00,Meeting
E109,2026-04-08,14:00,15:00,Meeting
E109,2026-04-08,10:00,11:00,Meeting
E109,2026-04-08,14:00,15:00,Meeting
E109,2026-04-08,10:00,11:00,Meeting
E110,2026-04-08,13:00,14:00,Meeting
E110,2026-04-08,9:00,10:00,Meeting
E110,2026-04-08,14:00,15:00,Meeting
E111,2026-04-08,14:00,15:00,Meeting
E111,2026-04-08,12:00,13:00,Meeting
E111,2026-04-08,9:00,10:00,Meeting
E111,2026-04-08,9:00,10:00,Meeting
E112,2026-04-08,15:00,16:00,Meeting
E112,2026-04-08,12:00,13:00,Meeting
E112,2026-04-08,15:00,16:00,Meeting
E112,2026-04-08,13:00,14:00,Meeting
E112,2026-04-08,14:00,15:00,Meeting
E113,2026-04-08,9:00,10:00,Meeting
E113,2026-04-08,12:00,13:00,Meeting
E113,2026-04-08,12:00,13:00,Meeting
E113,2026-04-08,9:00,10:00,Meeting
E114,2026-04-08,14:00,15:00,Meeting
E114,2026-04-08,12:00,13:00,Meeting
E114,2026-04-08,12:00,13:00,Meeting
E114,2026-04-08,15:00,16:00,Meeting
E114,2026-04-08,13:00,14:00,Meeting
E114,2026-04-08,16:00,17:00,Meeting
E115,2026-04-08,11:00,12:00,Meeting
E115,2026-04-08,15:00,16:00,Meeting
E115,2026-04-08,16:00,17:00,Meeting
E115,2026-04-08,15:00,16:00,Meeting
E115,2026-04-08,15:00,16:00,Meeting
E116,2026-04-08,9:00,10:00,Meeting
E116,2026-04-08,16:00,17:00,Meeting
E116,2026-04-08,13:00,14:00,Meeting
E116,2026-04-08,16:00,17:00,Meeting
E117,2026-04-08,9:00,10:00,Meeting
E117,2026-04-08,11:00,12:00,Meeting
E117,2026-04-08,15:00,16:00,Meeting
E117,2026-04-08,16:00,17:00,Meeting
E117,2026-04-08,16:00,17:00,Meeting
E118,2026-04-08,15:00,16:00,Meeting
E118,2026-04-08,15:00,16:00,Meeting
E118,2026-04-08,9:00,10:00,Meeting
E119,2026-04-08,13:00,14:00,Meeting
E119,2026-04-08,13:00,14:00,Meeting
E119,2026-04-08,16:00,17:00,Meeting
E119,2026-04-08,15:00,16:00,Meeting
E119,2026-04-08,16:00,17:00,Meeting
E120,2026-04-08,11:00,12:00,Meeting
E120,2026-04-08,15:00,16:00,Meeting
E120,2026-04-08,9:00,10:00,Meeting
E121,2026-04-08,9:00,10:00,Meeting
E121,2026-04-08,13:00,14:00,Meeting
E121,2026-04-08,11:00,12:00,Meeting
E122,2026-04-08,11:00,12:00,Meeting
E122,2026-04-08,10:00,11:00,Meeting
E122,2026-04-08,13:00,14:00,Meeting
E122,2026-04-08,10:00,11:00,Meeting
E123,2026-04-08,16:00,17:00,Meeting
E123,2026-04-08,14:00,15:00,Meeting
E123,2026-04-08,13:00,14:00,Meeting
E124,2026-04-08,14:00,15:00,Meeting
E124,2026-04-08,11:00,12:00,Meeting
E124,2026-04-08,11:00,12:00,Meeting
E124,2026-04-08,16:00,17:00,Meeting
E125,2026-04-08,15:00,16:00,Meeting
E125,2026-04-08,14:00,15:00,Meeting
E125,2026-04-08,15:00,16:00,Meeting
E125,2026-04-08,15:00,16:00,Meeting
E125,2026-04-08,16:00,17:00,Meeting
E126,2026-04-08,11:00,12:00,Meeting
E126,2026-04-08,12:00,13:00,Meeting
E126,2026-04-08,14:00,15:00,Meeting
E126,2026-04-08,10:00,11:00,Meeting
E126,2026-04-08,11:00,12:00,Meeting
E126,2026-04-08,10:00,11:00,Meeting
E127,2026-04-08,9:00,10:00,Meeting
E127,2026-04-08,15:00,16:00,Meeting
E127,2026-04-08,15:00,16:00,Meeting
E127,2026-04-08,14:00,15:00,Meeting
E128,2026-04-08,12:00,13:00,Meeting
E128,2026-04-08,10:00,11:00,Meeting
E128,2026-04-08,10:00,11:00,Meeting
E128,2026-04-08,10:00,11:00,Meeting
E128,2026-04-08,13:00,14:00,Meeting
E128,2026-04-08,12:00,13:00,Meeting
E129,2026-04-08,10:00,11:00,Meeting
E129,2026-04-08,14:00,15:00,Meeting
E129,2026-04-08,16:00,17:00,Meeting
E130,2026-04-08,12:00,13:00,Meeting
E130,2026-04-08,10:00,11:00,Meeting
E130,2026-04-08,14:00,15:00,Meeting
E130,2026-04-08,9:00,10:00,Meeting
E130,2026-04-08,10:00,11:00,Meeting
E130,2026-04-08,9:00,10:00,Meeting
E131,2026-04-08,14:00,15:00,Meeting
E131,2026-04-08,10:00,11:00,Meeting
E131,2026-04-08,15:00,16:00,Meeting
E131,2026-04-08,15:00,16:00,Meeting
E131,2026-04-08,11:00,12:00,Meeting
E131,2026-04-08,14:00,15:00,Meeting
E132,2026-04-08,9:00,10:00,Meeting
E132,2026-04-08,13:00,14:00,Meeting
E132,2026-04-08,11:00,12:00,Meeting
E132,2026-04-08,10:00,11:00,Meeting
E132,2026-04-08,9:00,10:00,Meeting
E132,2026-04-08,11:00,12:00,Meeting
E133,2026-04-08,15:00,16:00,Meeting
E133,2026-04-08,14:00,15:00,Meeting
E133,2026-04-08,12:00,13:00,Meeting
E134,2026-04-08,11:00,12:00,Meeting
E134,2026-04-08,16:00,17:00,Meeting
E134,2026-04-08,13:00,14:00,Meeting
E134,2026-04-08,13:00,14:00,Meeting
E134,2026-04-08,14:00,15:00,Meeting
E135,2026-04-08,16:00,17:00,Meeting
E135,2026-04-08,9:00,10:00,Meeting
E135,2026-04-08,11:00,12:00,Meeting
E136,2026-04-08,12:00,13:00,Meeting
E136,2026-04-08,11:00,12:00,Meeting
E136,2026-04-08,15:00,16:00,Meeting
E136,2026-04-08,9:00,10:00,Meeting
E136,2026-04-08,10:00,11:00,Meeting
E136,2026-04-08,10:00,11:00,Meeting
E137,2026-04-08,10:00,11:00,Meeting
E137,2026-04-08,16:00,17:00,Meeting
E137,2026-04-08,12:00,13:00,Meeting
E138,2026-04-08,10:00,11:00,Meeting
E138,2026-04-08,16:00,17:00,Meeting
E138,2026-04-08,10:00,11:00,Meeting
E138,2026-04-08,16:00,17:00,Meeting
E138,2026-04-08,10:00,11:00,Meeting
E139,2026-04-08,13:00,14:00,Meeting
E139,2026-04-08,12:00,13:00,Meeting
E139,2026-04-08,14:00,15:00,Meeting
E139,2026-04-08,15:00,16:00,Meeting
E139,2026-04-08,11:00,12:00,Meeting
E139,2026-04-08,10:00,11:00,Meeting
E140,2026-04-08,14:00,15:00,Meeting
E140,2026-04-08,15:00,16:00,Meeting
E140,2026-04-08,11:00,12:00,Meeting
E140,2026-04-08,14:00,15:00,Meeting
E140,2026-04-08,14:00,15:00,Meeting
E140,2026-04-08,14:00,15:00,Meeting
E141,2026-04-08,14:00,15:00,Meeting
E141,2026-04-08,9:00,10:00,Meeting
E141,2026-04-08,10:00,11:00,Meeting
E142,2026-04-08,11:00,12:00,Meeting
E142,2026-04-08,9:00,10:00,Meeting
E142,2026-04-08,9:00,10:00,Meeting
E142,2026-04-08,9:00,10:00,Meeting
E142,2026-04-08,16:00,17:00,Meeting
E143,2026-04-08,16:00,17:00,Meeting
E143,2026-04-08,16:00,17:00,Meeting
E143,2026-04-08,10:00,11:00,Meeting
E143,2026-04-08,16:00,17:00,Meeting
E143,2026-04-08,9:00,10:00,Meeting
E143,2026-04-08,9:00,10:00,Meeting
E144,2026-04-08,14:00,15:00,Meeting
E144,2026-04-08,13:00,14:00,Meeting
E144,2026-04-08,15:00,16:00,Meeting
E144,2026-04-08,15:00,16:00,Meeting
E144,2026-04-08,13:00,14:00,Meeting
E145,2026-04-08,15:00,16:00,Meeting
E145,2026-04-08,10:00,11:00,Meeting
E145,2026-04-08,11:00,12:00,Meeting
E145,2026-04-08,15:00,16:00,Meeting
E145,2026-04-08,14:00,15:00,Meeting
E146,2026-04-08,11:00,12:00,Meeting
E146,2026-04-08,14:00,15:00,Meeting
E146,2026-04-08,16:00,17:00,Meeting
E147,2026-04-08,15:00,16:00,Meeting
E147,2026-04-08,9:00,10:00,Meeting
E147,2026-04-08,9:00,10:00,Meeting
E147,2026-04-08,16:00,17:00,Meeting
E148,2026-04-08,16:00,17:00,Meeting
E148,2026-04-08,11:00,12:00,Meeting
E148,2026-04-08,15:00,16:00,Meeting
E148,2026-04-08,15:00,16:00,Meeting
E149,2026-04-08,10:00,11:00,Meeting
E149,2026-04-08,9:00,10:00,Meeting
E149,2026-04-08,16:00,17:00,Meeting
E149,2026-04-08,16:00,17:00,Meeting
E150,2026-04-08,14:00,15:00,Meeting
E150,2026-04-08,11:00,12:00,Meeting
E150,2026-04-08,14:00,15:00,Meeting
E151,2026-04-08,13:00,14:00,Meeting
E151,2026-04-08,12:00,13:00,Meeting
E151,2026-04-08,9:00,10:00,Meeting
E151,2026-04-08,13:00,14:00,Meeting
E151,2026-04-08,15:00,16:00,Meeting
E152,2026-04-08,15:00,16:00,Meeting
E152,2026-04-08,11:00,12:00,Meeting
E152,2026-04-08,14:00,15:00,Meeting
E152,2026-04-08,12:00,13:00,Meeting
E152,2026-04-08,14:00,15:00,Meeting
E152,2026-04-08,11:00,12:00,Meeting
E153,2026-04-08,15:00,16:00,Meeting
E153,2026-04-08,13:00,14:00,Meeting
E153,2026-04-08,15:00,16:00,Meeting
E153,2026-04-08,14:00,15:00,Meeting
E154,2026-04-08,16:00,17:00,Meeting
E154,2026-04-08,14:00,15:00,Meeting
E154,2026-04-08,15:00,16:00,Meeting
E155,2026-04-08,11:00,12:00,Meeting
E155,2026-04-08,9:00,10:00,Meeting
E155,2026-04-08,14:00,15:00,Meeting
E155,2026-04-08,14:00,15:00,Meeting
E155,2026-04-08,12:00,13:00,Meeting
E155,2026-04-08,10:00,11:00,Meeting
E156,2026-04-08,10:00,11:00,Meeting
E156,2026-04-08,11:00,12:00,Meeting
E156,2026-04-08,13:00,14:00,Meeting
E156,2026-04-08,13:00,14:00,Meeting
E157,2026-04-08,11:00,12:00,Meeting
E157,2026-04-08,14:00,15:00,Meeting
E157,2026-04-08,14:00,15:00,Meeting
E157,2026-04-08,10:00,11:00,Meeting
E157,2026-04-08,14:00,15:00,Meeting
E158,2026-04-08,16:00,17:00,Meeting
E158,2026-04-08,10:00,11:00,Meeting
E158,2026-04-08,12:00,13:00,Meeting
E158,2026-04-08,14:00,15:00,Meeting
E158,2026-04-08,16:00,17:00,Meeting
E159,2026-04-08,14:00,15:00,Meeting
E159,2026-04-08,13:00,14:00,Meeting
E159,2026-04-08,16:00,17:00,Meeting
E159,2026-04-08,9:00,10:00,Meeting
E159,2026-04-08,10:00,11:00,Meeting
E160,2026-04-08,11:00,12:00,Meeting
E160,2026-04-08,11:00,12:00,Meeting
E160,2026-04-08,11:00,12:00,Meeting
E160,2026-04-08,14:00,15:00,Meeting
E161,2026-04-08,13:00,14:00,Meeting
E161,2026-04-08,12:00,13:00,Meeting
E161,2026-04-08,13:00,14:00,Meeting
E161,2026-04-08,15:00,16:00,Meeting
E161,2026-04-08,12:00,13:00,Meeting
E161,2026-04-08,13:00,14:00,Meeting
E162,2026-04-08,13:00,14:00,Meeting
E162,2026-04-08,15:00,16:00,Meeting
E162,2026-04-08,14:00,15:00,Meeting
E162,2026-04-08,11:00,12:00,Meeting
E163,2026-04-08,16:00,17:00,Meeting
E163,2026-04-08,11:00,12:00,Meeting
E163,2026-04-08,13:00,14:00,Meeting
E164,2026-04-08,12:00,13:00,Meeting
E164,2026-04-08,16:00,17:00,Meeting
E164,2026-04-08,15:00,16:00,Meeting
E165,2026-04-08,10:00,11:00,Meeting
E165,2026-04-08,12:00,13:00,Meeting
E165,2026-04-08,15:00,16:00,Meeting
E165,2026-04-08,13:00,14:00,Meeting
E165,2026-04-08,9:00,10:00,Meeting
E166,2026-04-08,12:00,13:00,Meeting
E166,2026-04-08,10:00,11:00,Meeting
E166,2026-04-08,16:00,17:00,Meeting
E166,2026-04-08,12:00,13:00,Meeting
E167,2026-04-08,15:00,16:00,Meeting
E167,2026-04-08,11:00,12:00,Meeting
E167,2026-04-08,12:00,13:00,Meeting
E167,2026-04-08,9:00,10:00,Meeting
E167,2026-04-08,12:00,13:00,Meeting
E168,2026-04-08,9:00,10:00,Meeting
E168,2026-04-08,15:00,16:00,Meeting
E168,2026-04-08,13:00,14:00,Meeting
E168,2026-04-08,14:00,15:00,Meeting
E168,2026-04-08,10:00,11:00,Meeting
E168,2026-04-08,16:00,17:00,Meeting
E169,2026-04-08,9:00,10:00,Meeting
E169,2026-04-08,13:00,14:00,Meeting
E169,2026-04-08,11:00,12:00,Meeting
E170,2026-04-08,11:00,12:00,Meeting
E170,2026-04-08,12:00,13:00,Meeting
E170,2026-04-08,10:00,11:00,Meeting
E171,2026-04-08,13:00,14:00,Meeting
E171,2026-04-08,9:00,10:00,Meeting
E171,2026-04-08,13:00,14:00,Meeting
E171,2026-04-08,15:00,16:00,Meeting
E172,2026-04-08,14:00,15:00,Meeting
E172,2026-04-08,12:00,13:00,Meeting
E172,2026-04-08,10:00,11:00,Meeting
E172,2026-04-08,10:00,11:00,Meeting
E173,2026-04-08,16:00,17:00,Meeting
E173,2026-04-08,14:00,15:00,Meeting
E173,2026-04-08,11:00,12:00,Meeting
E174,2026-04-08,13:00,14:00,Meeting
E174,2026-04-08,9:00,10:00,Meeting
E174,2026-04-08,13:00,14:00,Meeting
E175,2026-04-08,15:00,16:00,Meeting
E175,2026-04-08,10:00,11:00,Meeting
E175,2026-04-08,11:00,12:00,Meeting
E175,2026-04-08,15:00,16:00,Meeting
E175,2026-04-08,15:00,16:00,Meeting
E176,2026-04-08,12:00,13:00,Meeting
E176,2026-04-08,15:00,16:00,Meeting
E176,2026-04-08,10:00,11:00,Meeting
E176,2026-04-08,11:00,12:00,Meeting
E176,2026-04-08,10:00,11:00,Meeting
E176,2026-04-08,12:00,13:00,Meeting
E177,2026-04-08,16:00,17:00,Meeting
E177,2026-04-08,15:00,16:00,Meeting
E177,2026-04-08,11:00,12:00,Meeting
E177,2026-04-08,16:00,17:00,Meeting
E177,2026-04-08,13:00,14:00,Meeting
E178,2026-04-08,15:00,16:00,Meeting
E178,2026-04-08,13:00,14:00,Meeting
E178,2026-04-08,14:00,15:00,Meeting
E178,2026-04-08,16:00,17:00,Meeting
E178,2026-04-08,14:00,15:00,Meeting
E178,2026-04-08,14:00,15:00,Meeting
E179,2026-04-08,15:00,16:00,Meeting
E179,2026-04-08,13:00,14:00,Meeting
E179,2026-04-08,13:00,14:00,Meeting
E179,2026-04-08,16:00,17:00,Meeting
E179,2026-04-08,15:00,16:00,Meeting
E179,2026-04-08,14:00,15:00,Meeting
E180,2026-04-08,11:00,12:00,Meeting
E180,2026-04-08,11:00,12:00,Meeting
E180,2026-04-08,15:00,16:00,Meeting
E181,2026-04-08,9:00,10:00,Meeting
E181,2026-04-08,11:00,12:00,Meeting
E181,2026-04-08,14:00,15:00,Meeting
E181,2026-04-08,12:00,13:00,Meeting
E181,2026-04-08,12:00,13:00,Meeting
E181,2026-04-08,9:00,10:00,Meeting
E182,2026-04-08,12:00,13:00,Meeting
E182,2026-04-08,15:00,16:00,Meeting
E182,2026-04-08,9:00,10:00,Meeting
E183,2026-04-08,15:00,16:00,Meeting
E183,2026-04-08,15:00,16:00,Meeting
E183,2026-04-08,12:00,13:00,Meeting
E183,2026-04-08,14:00,15:00,Meeting
E183,2026-04-08,15:00,16:00,Meeting
E183,2026-04-08,14:00,15:00,Meeting
E184,2026-04-08,14:00,15:00,Meeting
E184,2026-04-08,16:00,17:00,Meeting
E184,2026-04-08,11:00,12:00,Meeting
E185,2026-04-08,16:00,17:00,Meeting
E185,2026-04-08,16:00,17:00,Meeting
E185,2026-04-08,13:00,14:00,Meeting
E186,2026-04-08,10:00,11:00,Meeting
E186,2026-04-08,13:00,14:00,Meeting
E186,2026-04-08,10:00,11:00,Meeting
E187,2026-04-08,14:00,15:00,Meeting
E187,2026-04-08,10:00,11:00,Meeting
E187,2026-04-08,10:00,11:00,Meeting
E187,2026-04-08,9:00,10:00,Meeting
E188,2026-04-08,12:00,13:00,Meeting
E188,2026-04-08,14:00,15:00,Meeting
E188,2026-04-08,9:00,10:00,Meeting
E188,2026-04-08,11:00,12:00,Meeting
E189,2026-04-08,10:00,11:00,Meeting
E189,2026-04-08,13:00,14:00,Meeting
E189,2026-04-08,14:00,15:00,Meeting
E190,2026-04-08,10:00,11:00,Meeting
E190,2026-04-08,15:00,16:00,Meeting
E190,2026-04-08,14:00,15:00,Meeting
E190,2026-04-08,10:00,11:00,Meeting
E190,2026-04-08,10:00,11:00,Meeting
E190,2026-04-08,11:00,12:00,Meeting
E191,2026-04-08,12:00,13:00,Meeting
E191,2026-04-08,10:00,11:00,Meeting
E191,2026-04-08,9:00,10:00,Meeting
E191,2026-04-08,14:00,15:00,Meeting
E191,2026-04-08,13:00,14:00,Meeting
E192,2026-04-08,15:00,16:00,Meeting
E192,2026-04-08,10:00,11:00,Meeting
E192,2026-04-08,15:00,16:00,Meeting
E193,2026-04-08,12:00,13:00,Meeting
E193,2026-04-08,16:00,17:00,Meeting
E193,2026-04-08,12:00,13:00,Meeting
E194,2026-04-08,13:00,14:00,Meeting
E194,2026-04-08,13:00,14:00,Meeting
E194,2026-04-08,15:00,16:00,Meeting
E195,2026-04-08,14:00,15:00,Meeting
E195,2026-04-08,9:00,10:00,Meeting
E195,2026-04-08,11:00,12:00,Meeting
E195,2026-04-08,13:00,14:00,Meeting
E196,2026-04-08,14:00,15:00,Meeting
E196,2026-04-08,12:00,13:00,Meeting
E196,2026-04-08,11:00,12:00,Meeting
E196,2026-04-08,13:00,14:00,Meeting
E197,2026-04-08,14:00,15:00,Meeting
E197,2026-04-08,9:00,10:00,Meeting
E197,2026-04-08,11:00,12:00,Meeting
E197,2026-04-08,12:00,13:00,Meeting
E198,2026-04-08,10:00,11:00,Meeting
E198,2026-04-08,14:00,15:00,Meeting
E198,2026-04-08,16:00,17:00,Meeting
E198,2026-04-08,13:00,14:00,Meeting
E198,2026-04-08,11:00,12:00,Meeting
E199,2026-04-08,14:00,15:00,Meeting
E199,2026-04-08,13:00,14:00,Meeting
E199,2026-04-08,12:00,13:00,Meeting
E199,2026-04-08,10:00,11:00,Meeting
E200,2026-04-08,11:00,12:00,Meeting
E200,2026-04-08,12:00,13:00,Meeting
E200,2026-04-08,13:00,14:00,Meeting
